<?xml version="1.0" encoding="UTF-8"?>

<mule xmlns:context="http://www.springframework.org/schema/context"
	xmlns:mulexml="http://www.mulesoft.org/schema/mule/xml"
	xmlns:http="http://www.mulesoft.org/schema/mule/http" xmlns="http://www.mulesoft.org/schema/mule/core" xmlns:doc="http://www.mulesoft.org/schema/mule/documentation"
	xmlns:spring="http://www.springframework.org/schema/beans" 
	xmlns:xsi="http://www.w3.org/2001/XMLSchema-instance"
	xsi:schemaLocation="
http://www.springframework.org/schema/context http://www.springframework.org/schema/context/spring-context-current.xsd http://www.mulesoft.org/schema/mule/xml http://www.mulesoft.org/schema/mule/xml/current/mule-xml.xsd
http://www.springframework.org/schema/beans http://www.springframework.org/schema/beans/spring-beans-current.xsd
http://www.mulesoft.org/schema/mule/core http://www.mulesoft.org/schema/mule/core/current/mule.xsd
http://www.mulesoft.org/schema/mule/http http://www.mulesoft.org/schema/mule/http/current/mule-http.xsd">
    <configuration doc:name="Configuration">
		<expression-language autoResolveVariables="true">
			<import class="com.redn.connect.as2.constants.AS2Constants"/>
			<import class="com.redn.connect.constants.ConnectConstants"/>
			<import class="com.redn.connect.exception.Category"/>
			<import class="com.redn.connect.util.ConnectUtils"/>
		</expression-language>
	</configuration>
	
    <mulexml:jaxb-context name="CEM_JAXB_Context"
		packageNames="com.redn.connect.vo" doc:name="JAXB Context" />
	<spring:beans>
		
        <spring:bean id="connectConfigBean" name="connectConfigBean"
                     class="com.redn.connect.processor.connectconfig.ConnectConfiguration">
                     <spring:property name="location" value="connect_config_as2.properties" />
       </spring:bean>
        
        <spring:bean id="springValidateAndBuildTargetSystemSendProcessorBeanId" name="springValidateAndBuildTargetSystemFlowProcessorBean"
			class="com.redn.connect.as2.processor.ValidateAndBuildTargetSystemFlowProcessor">
		</spring:bean>
		
        <spring:bean id="springDeriveSourceSystemProcessorBeanId" name="springDeriveSourceSystemProcessorBean"
			class="com.redn.connect.as2.processor.DeriveSourceSystemProcessor">
		</spring:bean>
		
		<spring:bean id="springExtractPayloadProcessorBeanId" name="springExtractPayloadProcessorBean"
			class="com.redn.connect.processor.ExtractPayloadProcessor">
		</spring:bean>
		
		<spring:bean id="springValidateResponseFromTargetSystemProcessorBeanId" name="springValidateResponseFromTargetSystemProcessorBean"
			class="com.redn.connect.as2.processor.ValidateResponseFromTargetSystemProcessor">
		</spring:bean>
		
		<spring:bean id="springCreateConnectEnterpriseMessageProcessorBeanId" name="springCreateConnectEnterpriseMessageProcessorBean"
			class="com.redn.connect.as2.processor.CreateConnectEnterpriseMessageProcessor">
		</spring:bean>
		
		<spring:bean id="springExtractCEMPropertiesBeanId"
			name="springExtractCEMPropertiesBeanId" class="com.redn.connect.modifiers.ExtractCEMProperties">
		</spring:bean>
		
    </spring:beans>
</mule>